Alfonso Livingston,mattis@dolor.co.uk,800000092,Alice Carr,Fusce@tristiquepellentesque.net,800000031,Armand Bowen,nec@tellusPhasellus.com,800000048,Aubrey Everett,tempor.augue.ac@Crasdictumultricies.edu,800000027,Aurelia Donovan,metus.eu.erat@at.ca,800000010,Barbara Walter,Donec@placeratvelitQuisque.edu,800000005,84,
Basia Burch,ut.aliquam@Quisque.edu,800000061,Basil Moon,Donec.nibh@Donecnonjusto.org,800000081,Beatrice Morgan,augue@tempus.edu,800000055,47,
Bertha Rodriguez,Duis.volutpat.nunc@uteros.ca,800000032,Branden Rasmussen,nisl@eu.ca,800000077,Candace Bishop,adipiscing@bibendum.com,800000057,49,
Carson Thompson,Suspendisse.aliquet.sem@turpis.edu,800000049,Cathleen Bowen,habitant@elementumpurusaccumsan.ca,800000020,Celeste Nguyen,Sed.nulla@Fusce.net,800000094,Chadwick Clarke,et@viverra.edu,800000073,Charles Mercado,vitae@sapienNuncpulvinar.ca,800000030,Chiquita Beard,erat@aliquamerosturpis.edu,800000056,Clayton Herman,eu.lacus.Quisque@fames.net,800000006,Conan Daugherty,aliquam.arcu.Aliquam@nequenon.net,800000053,96,
Danielle Bates,sed.orci@idlibero.org,800000012,Deacon Richards,eget.dictum@eget.com,800000066,90,
Debra Hall,Etiam.imperdiet.dictum@arcuvel.org,800000058,Delilah Mcintyre,nunc@quamCurabitur.com,800000011,Dexter Blankenship,lectus.pede.ultrices@commodo.edu,800000086,Donna Dennis,consectetuer@turpis.net,800000021,64,
Eagan Delaney,orci.luctus@odio.co.uk,800000026,Echo Haynes,dui.in.sodales@eget.net,800000074,64,
Echo Wells,accumsan.neque@acmetus.com,800000079,94,
Edan Sykes,velit@primisinfaucibus.co.uk,800000004,Elmo Landry,in.sodales@mollisInteger.net,800000007,Elmo Sampson,Nullam@DonecegestasDuis.net,800000068,Emmanuel Chan,arcu.Vestibulum@Etiamvestibulummassa.com,800000062,41,
Erich Hendrix,tortor.nibh@et.edu,800000015,Flavia Richard,sit.amet.consectetuer@hendrerit.edu,800000096,Fulton Hicks,fames.ac.turpis@semperauctor.org,800000080,Galvin Stafford,malesuada.augue.ut@nislMaecenas.com,800000095,Gisela Sosa,montes.nascetur@a.ca,800000028,Graham Riddle,imperdiet@Duis.org,800000019,Gregory Dominguez,ullamcorper.viverra.Maecenas@Sedneque.net,800000084,Guy Rush,et@sapienimperdietornare.net,800000039,Hashim Odonnell,rutrum.justo@auctorvelit.com,800000078,Heather Mercado,velit.Cras@dolornonummy.ca,800000023,Hiroko Harris,vel@Nullam.co.uk,800000024,Holly Alexander,vitae.mauris.sit@habitantmorbi.edu,800000013,Ivan Park,imperdiet.non.vestibulum@mauris.com,800000047,Jade Meyer,neque.In@nullaDonecnon.org,800000091,Jasper Mcclure,leo.elementum.sem@fringillapurusmauris.ca,800000063,Jessamine Burke,montes.nascetur@euismodest.org,800000008,Joel Boone,pede.Nunc@ametornare.com,800000099,Justine Mendoza,odio.Aliquam@maurisut.co.uk,800000034,Kameko Riggs,sem.eget.massa@orcilacus.com,800000000,Karleigh Page,nec.urna.suscipit@Nuncpulvinar.edu,800000017,Karleigh Parks,lobortis.quis@congue.edu,800000085,Karyn Dodson,lorem.fringilla@velitegestaslacinia.co.uk,800000083,Keely Graham,dui@anteipsumprimis.co.uk,800000043,47,
Kellie Powell,sit.amet.risus@loremsemperauctor.org,800000002,Kelsey Bean,imperdiet.ornare.In@Quisquetinciduntpede.org,800000067,Kevyn Garrison,In.ornare@non.net,800000082,Kiona Santana,Cum.sociis.natoque@tristiquealiquetPhasellus.co.uk,800000069,68,
Lana Peters,posuere@blanditenim.com,800000071,Len Murray,elit@liberonec.ca,800000014,Lionel Britt,mauris.sagittis.placerat@lobortis.net,800000097,Macon Gonzales,quis@mollis.co.uk,800000022,Marny Simon,velit@ipsum.org,800000060,Meghan Mathews,sodales.purus.in@Morbi.co.uk,800000036,Mikayla Grant,eget.dictum@tincidunttempusrisus.edu,800000044,37,
Nevada Norman,Sed.auctor.odio@venenatisamagna.com,800000087,Noelani Figueroa,neque@disparturientmontes.edu,800000029,Octavia Cherry,Pellentesque.habitant@sed.org,800000033,Octavius Mccarthy,lorem.eget@infelisNulla.co.uk,800000072,Omar Reyes,Phasellus@tellusPhasellus.ca,800000093,Quentin Molina,turpis.Nulla.aliquet@euismod.net,800000041,Rafael Nelson,nec.cursus.a@semelit.ca,800000037,Rana Maynard,In@malesuada.com,800000035,Rosalyn Wagner,hendrerit.Donec.porttitor@Namac.co.uk,800000065,Ruth Marquez,eget@Fusce.org,800000070,Ruth Woods,augue@vitae.org,800000001,Sarah Bird,Nunc.ullamcorper.velit@tortordictumeu.org,800000054,Shana Flowers,euismod.enim.Etiam@sitamet.net,800000042,Shea Miles,sagittis@enim.ca,800000018,Sheila Garner,mollis.Integer@anteVivamus.net,800000088,Shelby Yang,urna@nonummyultricies.ca,800000075,Shellie Calderon,vehicula@augue.co.uk,800000040,Sigourney Clarke,sit.amet.massa@etnetus.net,800000038,Sloane Hunt,iaculis.odio.Nam@dolorsit.com,800000025,Sonya Velez,porttitor.vulputate.posuere@musProin.net,800000045,Sydnee Holloway,cubilia.Curae.Phasellus@nibhdolor.net,800000003,Tarik Sargent,cubilia.Curae@vehiculaet.edu,800000009,73,
Taylor Roberson,Duis.mi.enim@aceleifendvitae.edu,800000052,72,
Travis House,Donec.at@risusMorbi.net,800000046,40,
Tucker Mullen,eget.metus.eu@lacus.net,800000090,Uma Mathis,pede@SuspendisseduiFusce.edu,800000089,Ursula Dickson,congue.In@velsapien.com,800000051,60,
Vance Everett,elit.pellentesque@bibendum.edu,800000050,77,
Venus Cotton,Morbi.vehicula@erat.ca,800000064,Victor Bridges,eros.turpis.non@Maecenas.org,800000016,Whilemina Sutton,et.tristique.pellentesque@purusgravidasagittis.com,800000059,Xenos White,ridiculus@Phasellus.ca,800000098,Zachery Mcclure,purus.mauris@velitegestaslacinia.edu,800000076,